Ticker,Total_Score,Momentum_Score,Grading,Peak_Mark,Cum_Buy_%,Price,Buy_1h_%,Buy_6h_%,Buy_1d_%,Buy_3d_%,Short_Term,Medium_Term,Long_Term,Avg_Vol,Peak_Price
AIA,75.2,72.4,79.11,66.87,83.81,144.46,92.31,84.06,82.45,73.08,91.35,100.0,40.45,746755,150.82
BBJP,69.24,70.73,71.32,52.91,47.2,79.14,17.47,58.45,57.15,56.47,82.21,79.54,49.01,1750992,79.72
BULZ,68.61,62.22,67.45,100.0,46.4,41.12,33.68,49.72,50.37,51.77,77.25,91.76,27.67,795862,56.09
CGXU,68.37,67.18,73.17,49.12,57.06,35.92,58.45,59.09,58.14,55.85,71.31,88.73,57.2,1205921,35.84
BAI,67.2,58.96,67.23,100.0,54.01,45.59,59.33,54.93,54.17,52.99,66.94,84.56,47.35,2350329,54.46
AVXC,66.81,65.43,67.57,68.52,75.52,84.66,73.2,76.1,76.1,76.1,67.73,98.91,30.81,82640,88.77
BCI,65.19,59.15,73.3,48.84,45.78,26.05,34.24,44.05,42.46,46.82,77.18,94.09,44.53,921131,25.97
CIBR,64.85,68.33,58.71,81.62,55.4,94.26,77.82,49.27,48.98,51.24,44.17,82.77,47.59,1047547,102.35
ARKG,64.77,63.14,64.07,74.82,53.42,47.4,57.08,52.19,52.17,49.48,66.63,100.0,19.17,1662351,50.53
BNO,64.03,50.57,72.13,77.36,52.42,56.65,58.95,50.48,50.09,53.25,92.69,100.0,15.64,1165339,60.81
AVEM,63.75,47.46,76.1,67.14,48.78,96.51,47.44,53.49,52.56,49.48,86.29,87.73,50.65,1147713,100.83
AIQ,63.31,50.06,70.06,82.56,52.36,64.54,43.52,52.45,53.25,52.52,74.25,91.25,40.45,926781,70.26
CGGO,63.12,58.19,65.71,69.92,54.57,40.74,54.79,52.99,56.82,63.07,55.85,82.11,58.07,803263,42.88
AIPO,63.01,55.59,61.54,100.0,55.18,30.15,41.38,62.51,61.62,59.84,63.31,87.29,29.43,1166778,34.79
BOAT,62.94,70.24,60.07,48.1,70.54,50.75,55.39,71.89,71.89,71.89,60.89,100.0,12.52,72345,50.51
BEX,62.9,58.02,59.38,100.0,60.7,39.85,68.66,61.01,60.33,62.98,100.0,50.0,22.95,3481636,86.12
AAXJ,61.94,46.84,73.18,66.17,52.8,119.84,41.12,55.76,55.29,52.74,87.87,90.34,36.01,358671,124.89
CHAT,61.71,49.38,63.92,100.0,56.17,91.5,51.35,58.53,60.09,51.13,60.27,98.45,27.91,242572,105.2
AMLP,61.7,45.83,77.35,46.97,57.05,55.93,59.82,57.93,57.73,47.13,71.07,96.16,62.72,939593,55.51
AVSE,61.05,61.03,59.61,68.32,79.79,81.04,80.49,79.61,79.61,79.61,64.07,87.1,22.33,36456,84.93
ARKK,60.86,61.0,57.75,75.8,55.99,86.67,58.45,53.23,53.33,54.59,77.96,52.37,40.45,4619320,92.65
AOTG,60.56,69.77,55.23,50.39,95.1,67.02,95.1,95.1,95.1,95.1,61.54,83.19,15.26,7083,67.08
BSOL,60.23,52.94,58.11,100.0,45.52,14.26,40.76,45.98,46.13,54.18,90.95,50.0,29.26,2937787,26.6
AIS,60.12,45.0,64.24,100.0,57.0,72.8,58.21,55.97,56.93,57.72,68.11,100.0,18.02,258549,88.79
ASEA,60.1,63.34,60.23,46.51,56.34,21.97,34.83,61.72,61.72,61.72,52.11,97.48,26.24,32055,21.78
CGDV,58.52,48.1,66.02,62.74,53.3,49.99,59.64,52.9,51.92,49.5,43.01,92.77,61.67,2761782,51.63
ARMA,58.15,63.43,45.56,100.0,52.88,12.98,52.88,52.88,52.88,52.88,60.51,50.0,22.95,8917,28.98
CGNG,57.95,46.87,66.88,57.63,60.5,37.52,57.92,61.77,62.31,59.28,64.7,79.89,54.26,355943,38.25
ACWX,57.92,42.39,71.95,49.94,59.84,78.44,53.94,61.48,61.23,50.92,73.46,86.63,53.05,947074,78.43
CARZ,57.69,52.87,53.22,99.3,76.28,107.99,76.28,76.28,76.28,76.28,47.4,100.0,5.45,2551,123.17
CHPY,57.41,38.52,64.01,100.0,52.56,68.36,34.34,58.38,57.49,52.5,59.42,100.0,27.39,446233,82.33
BEG,57.32,51.56,53.4,100.0,58.64,55.31,48.56,64.41,63.07,61.71,82.89,50.0,22.95,490742,121.25
AVLV,57.22,39.31,71.78,56.02,47.98,93.88,37.99,51.67,51.88,56.0,50.65,99.25,64.37,1219202,95.32
AMJB,57.01,53.83,60.19,53.81,61.75,37.69,67.97,60.2,60.2,60.2,41.24,98.25,37.89,18433,38.05
CHPS,57.01,49.27,54.61,100.0,53.41,85.75,56.29,52.47,52.47,52.47,50.77,100.0,6.15,25719,107.97
AIPI,56.95,62.34,53.69,51.7,51.62,37.26,54.77,47.22,47.53,48.81,47.83,84.06,25.1,188458,37.42
BLCR,56.86,45.03,65.76,59.64,59.46,49.79,65.35,63.26,62.18,51.66,44.16,90.34,62.28,303947,51.02
AFOS,56.72,50.1,61.41,59.75,57.34,46.83,76.84,52.46,52.46,52.46,41.34,100.0,39.8,14126,48.0
BRZU,56.59,51.08,52.31,100.0,47.13,108.95,36.98,52.88,52.88,52.88,75.44,69.34,5.46,67456,132.39
BBEM,56.37,43.03,65.28,65.17,87.53,79.11,87.53,87.53,87.53,87.53,65.79,88.68,37.39,1973,82.23
AGMI,56.33,56.97,47.08,100.0,59.5,79.37,59.5,59.5,59.5,59.5,50.54,74.97,10.5,1731,91.8
AMDL,56.33,34.13,65.36,100.0,62.19,56.71,53.17,65.79,64.81,59.2,82.07,100.0,5.45,2236722,83.79
BUZZ,56.22,64.42,45.27,78.13,63.71,38.33,72.55,61.5,61.5,61.5,60.29,64.38,5.45,16757,41.23
AIFD,56.15,51.69,54.46,82.46,60.66,53.11,60.66,60.66,60.66,60.66,43.89,100.0,13.65,6432,57.8
AGIX,56.04,50.73,56.53,74.88,57.17,46.58,39.89,63.18,62.59,63.36,55.76,88.45,20.19,98924,49.67
BUG,55.95,60.03,47.39,82.41,46.69,40.94,49.24,43.28,42.69,47.84,48.81,71.92,17.11,1089795,44.55
ASIA,55.82,43.18,58.26,94.15,74.44,42.23,74.44,74.44,74.44,74.44,61.81,83.93,24.18,3688,47.47
AMDY,55.51,40.28,59.56,96.18,63.53,45.49,56.9,64.82,68.61,55.27,63.79,100.0,7.43,249294,51.43
BESF,55.41,44.27,62.06,66.74,66.07,41.44,66.07,66.07,66.07,66.07,51.55,92.05,39.32,1714,43.25
BEC,55.34,50.06,50.63,100.0,66.01,19.77,63.09,66.74,66.74,66.74,75.0,50.0,22.95,32303,34.77
BIB,55.33,58.57,47.44,81.79,50.2,116.36,50.2,50.2,50.2,50.2,30.85,100.0,5.46,5275,126.4
BTC,55.22,58.58,43.57,100.0,50.26,34.74,48.04,46.99,47.11,55.08,89.99,0.59,39.55,1595196,55.96
BINT,55.22,51.35,59.18,50.85,72.76,33.33,79.29,71.13,71.13,71.13,46.09,87.25,41.72,83296,33.4
BRF,54.92,60.82,41.18,100.0,51.79,17.01,51.79,51.79,51.79,51.79,75.0,38.0,5.45,6761,20.44
CGUS,54.87,44.54,61.14,64.84,53.64,45.06,54.59,53.26,52.07,51.93,45.28,76.88,61.28,948936,46.8
ARGT,54.85,50.9,52.9,80.37,46.59,95.73,41.94,50.03,49.54,52.51,65.42,71.77,16.27,145922,103.6
AAAU,54.82,52.46,47.67,100.0,49.62,43.29,43.07,47.14,47.95,51.9,47.77,53.06,41.26,1325069,54.71
AFK,54.77,61.48,48.06,61.47,62.0,29.97,53.67,63.72,63.72,63.72,57.28,72.93,8.28,61611,30.85
BITQ,54.5,48.89,49.89,100.0,61.94,26.85,49.83,64.17,62.97,62.81,67.45,70.41,5.45,114923,31.45
BDVG,54.28,45.6,54.58,87.5,46.76,15.08,46.76,46.76,46.76,46.76,28.2,97.52,35.25,6525,16.64
AIVC,54.08,51.58,50.13,83.78,50.53,113.74,50.53,50.53,50.53,50.53,38.35,100.0,5.7,7356,124.23
BAVA,54.06,50.01,48.11,100.0,86.19,21.5,86.19,86.19,86.19,86.19,67.79,50.0,22.95,1217,27.44
AHLT,53.8,51.47,54.19,61.14,96.5,29.68,96.5,96.5,96.5,96.5,43.15,86.86,28.94,5619,30.53
BBC,53.78,59.68,45.97,69.22,45.49,53.48,40.59,46.71,46.71,46.71,26.67,100.0,5.45,7300,56.18
BCD,53.78,46.53,60.52,49.07,56.24,38.81,51.08,58.38,58.38,58.38,56.92,92.28,27.67,29056,38.72
ALAI,53.7,50.25,55.92,56.4,55.58,46.13,44.37,56.46,56.46,56.46,50.09,88.29,24.96,43270,46.88
BOBP,53.7,48.23,50.78,90.17,61.53,30.46,61.53,61.53,61.53,61.53,41.41,75.3,33.09,1721,33.86
ASCE,53.59,47.62,56.26,64.1,65.56,35.03,65.66,64.39,64.39,64.39,30.23,95.34,41.03,38771,36.31
BMNU,53.59,40.89,54.46,100.0,53.34,19.48,56.56,51.51,51.16,50.54,84.21,50.0,24.97,4654602,425.6
CEPI,53.49,50.24,54.6,60.94,48.82,32.11,52.63,45.55,45.55,45.55,63.39,77.32,17.83,39580,33.01
BGEG,53.46,65.01,40.83,70.39,82.03,24.02,82.03,82.03,82.03,82.03,46.99,50.0,22.95,2233,25.31
AGIQ,53.42,56.44,49.31,61.93,47.37,25.37,47.37,47.37,47.37,47.37,33.5,82.44,29.11,3497,26.15
AMZA,53.07,48.24,57.54,50.08,50.24,50.87,48.94,50.93,51.36,52.34,42.46,100.0,25.58,34132,50.88
CLSE,53.07,39.69,62.06,61.6,50.53,33.75,45.91,50.92,54.78,46.37,44.2,100.0,38.65,511484,34.76
BSVO,52.93,47.27,56.51,57.68,45.83,29.62,26.48,47.76,47.76,47.76,32.69,98.49,35.33,98149,30.2
AMDW,52.93,33.67,58.92,100.0,55.77,85.23,54.56,55.33,53.84,52.67,58.15,100.0,11.88,77884,102.63
BLOK,52.76,51.0,44.78,99.73,53.0,65.91,45.29,59.7,61.16,53.15,70.7,46.42,12.63,134593,75.27
AMDG,52.57,35.39,56.83,100.0,70.87,96.51,87.84,66.63,66.63,66.63,57.69,100.0,5.45,42098,141.38
CHPX,52.53,50.47,44.69,100.0,46.74,96.88,48.94,45.37,45.37,45.37,57.89,50.0,23.09,20206,112.0
AMOM,52.39,52.35,47.47,77.19,91.74,60.06,91.74,91.74,91.74,91.74,48.54,82.43,5.45,2490,64.44
BBP,52.32,50.83,52.09,59.38,49.39,107.47,34.73,53.05,53.05,53.05,41.81,100.0,8.18,6534,110.05
CGIC,52.3,36.45,65.5,49.68,54.45,37.37,56.7,51.74,52.37,54.75,55.22,85.65,54.0,267780,37.34
AUGT,52.27,36.72,66.95,41.03,63.22,40.57,63.22,63.22,63.22,63.22,69.34,90.39,36.81,1651,39.68
AVDV,52.24,25.39,73.72,52.26,45.77,112.54,51.52,44.23,43.52,50.79,71.27,92.6,54.55,446309,113.18
AIBU,52.05,45.3,47.86,100.0,62.8,67.13,62.8,62.8,62.8,62.8,50.01,82.07,5.45,3843,78.96
AVUS,51.78,31.68,66.79,57.17,51.68,130.43,55.24,50.87,50.2,49.77,43.84,94.51,61.23,215243,132.81
AAPU,51.69,34.01,56.18,100.0,45.42,40.31,50.48,41.58,41.41,47.72,68.15,87.25,5.95,1234276,48.89
AVDE,51.47,31.93,66.68,53.6,54.57,93.97,59.13,53.64,51.48,51.59,59.31,85.26,53.6,645284,94.82
CGGR,51.07,44.66,54.97,57.23,49.57,47.12,48.85,49.46,49.17,59.85,66.44,44.85,53.41,1630772,47.99
BWOW,50.97,43.5,47.14,100.0,56.29,14.8,56.29,56.29,56.29,56.29,65.02,50.0,22.95,1542,25.68
BAMG,50.81,55.2,45.74,58.59,88.16,44.47,88.16,88.16,88.16,88.16,24.72,82.12,27.82,27821,45.45
AGQ,50.77,47.29,43.71,100.0,52.4,82.09,49.64,58.66,58.21,50.11,56.25,55.41,15.43,2030202,431.47
CLNK,50.73,42.54,47.43,100.0,62.26,23.2,88.71,53.32,53.32,53.32,65.85,50.0,22.95,46941,26.8
ARMG,50.67,33.42,54.6,100.0,61.2,19.02,61.94,63.3,62.7,55.92,62.05,89.27,5.45,822698,65.95
BLGR,50.12,51.32,47.72,57.31,74.6,32.43,74.82,74.54,74.54,74.54,32.63,71.96,37.05,55636,33.03
BATT,50.04,49.81,40.24,100.0,46.01,15.76,67.65,40.6,40.6,40.6,39.34,70.79,5.65,29591,18.08
ASMH,49.89,33.44,53.02,100.0,57.6,11.91,61.33,56.67,56.67,56.67,28.47,100.0,26.86,6673,13.62
BNKU,49.49,50.1,43.69,76.06,72.68,46.24,72.68,72.68,72.68,72.68,27.11,93.04,5.45,3938,49.46
BKGI,49.45,31.86,60.44,64.83,54.88,44.53,46.47,60.98,61.14,58.52,46.15,87.62,45.41,318482,46.24
CGBL,49.43,32.52,61.67,55.84,57.43,38.12,62.76,58.11,56.57,53.43,51.67,61.52,73.52,1173385,38.68
AMUU,49.37,25.57,58.29,100.0,54.7,200.34,54.87,53.0,53.0,53.0,61.87,100.0,5.45,63056,293.65
BGIG,49.27,41.7,52.74,62.17,52.17,36.53,52.05,54.28,53.26,57.99,14.23,92.02,51.84,143935,37.68
BTCU,49.15,45.22,47.11,75.08,59.46,24.67,61.34,56.93,56.93,56.93,64.92,50.0,22.95,29556,26.32
CLCG,49.09,56.56,40.66,61.37,78.43,29.05,78.43,78.43,78.43,78.43,35.78,52.04,33.08,3628,29.9
AVAZ,48.84,36.89,48.17,100.0,60.27,10.81,60.27,60.27,60.27,60.27,67.95,50.0,22.95,3673,17.77
AGQI,48.76,40.65,54.49,52.53,62.7,18.84,62.7,62.7,62.7,62.7,36.8,88.28,35.7,4791,18.96
BCEM,48.57,46.73,46.29,67.36,58.12,27.55,58.12,58.12,58.12,58.12,62.59,50.0,22.95,4319,28.8
BKCH,48.35,39.64,44.98,100.0,49.64,76.08,55.9,47.91,47.91,47.91,68.24,54.51,6.72,61055,121.45
ASMG,48.32,38.03,46.22,100.0,60.92,48.39,66.43,58.99,58.99,58.99,27.4,100.0,5.45,42120,65.82
BBAX,48.16,30.96,60.84,53.54,56.55,65.22,54.96,58.33,55.79,54.95,45.35,77.01,60.05,127546,65.8
CGGE,47.96,38.87,53.02,58.99,50.08,35.26,43.11,52.48,52.22,53.33,30.75,71.95,56.92,312094,36.08
AIRR,47.9,43.03,41.38,100.0,65.07,110.11,74.65,65.26,65.82,56.48,36.1,65.41,19.51,562647,135.05
BUFB,47.82,40.26,52.17,56.35,50.11,40.31,42.62,51.98,51.98,51.98,37.75,80.08,36.44,16914,40.96
BUFR,47.68,18.18,70.72,50.48,50.88,37.44,44.14,52.55,52.16,50.67,62.38,78.72,71.1,1047648,37.49
BRNY,47.64,41.92,49.6,60.71,66.04,58.54,66.04,66.04,66.04,66.04,20.02,93.04,33.44,5156,60.15
BITA,47.47,45.58,47.05,57.17,62.27,59.76,79.66,57.92,57.92,57.92,64.77,50.0,22.95,29385,60.85
AVNM,47.47,29.0,62.04,48.47,59.33,86.54,61.71,56.13,56.13,56.13,53.79,88.79,40.44,33036,86.21
BRIF,47.42,38.74,51.36,62.45,47.34,37.35,47.34,47.34,47.34,47.34,18.91,100.0,32.48,6113,38.55
BKLC,47.36,28.73,60.52,56.1,45.7,49.08,45.29,44.02,45.42,54.08,39.65,84.71,56.63,224098,49.84
BIBL,47.35,42.4,47.25,67.64,62.39,55.6,59.84,62.73,62.73,62.73,24.05,94.69,18.98,38153,58.17
AVES,47.21,32.7,55.82,62.18,51.46,66.85,50.68,53.43,54.62,56.62,60.55,72.81,30.47,53382,68.95
BWET,47.2,31.5,68.22,4.95,59.62,539.44,68.83,55.05,55.21,54.8,90.12,100.0,5.59,119602,484.84
BBSC,47.17,49.29,42.1,64.01,59.12,90.09,65.86,57.59,57.59,57.59,14.13,88.51,20.59,12790,93.36
ACEI,47.13,43.81,45.87,66.69,53.79,23.83,49.45,54.87,54.87,54.87,61.4,50.0,22.95,14042,24.87
BBIN,47.02,30.95,58.71,52.87,53.17,81.21,56.08,50.32,50.32,50.32,42.6,79.56,53.19,42484,81.8
ACYQ,46.94,49.79,41.78,61.38,57.4,20.97,44.51,64.55,64.55,64.55,49.7,50.0,22.95,160674,21.58
ARMH,46.91,24.73,54.04,100.0,46.55,11.15,57.22,43.88,43.88,43.88,57.8,91.93,5.45,6095,19.06
AVGE,46.79,29.83,58.89,54.09,52.74,101.76,56.14,52.7,53.58,53.16,37.83,96.02,40.14,76675,102.81
AAVM,46.78,45.0,46.63,54.69,75.94,34.6,75.94,75.94,75.94,75.94,28.57,83.7,24.44,2482,35.01
AAPW,46.68,33.92,47.93,91.48,53.35,39.12,42.23,56.13,56.13,56.13,41.83,86.73,9.79,10976,43.65
CGIE,46.56,39.88,49.98,56.14,54.56,37.86,69.55,53.19,50.17,38.63,34.67,62.64,53.08,372297,38.45
BBUS,46.52,27.04,60.16,56.23,48.88,138.51,69.66,40.94,44.46,50.19,39.15,83.53,57.42,138356,140.7
CIFG,46.41,30.09,48.75,100.0,54.38,5.68,50.17,47.47,47.76,47.34,69.62,50.0,22.95,796405,20.84
CIFU,46.29,28.91,49.46,100.0,50.55,13.98,28.47,56.36,54.83,55.15,71.63,50.0,22.95,536404,51.21
AVSC,46.13,34.27,51.96,64.4,49.32,72.59,52.05,52.12,52.21,56.44,18.29,95.45,40.5,76542,75.3
AFMC,45.9,44.34,44.04,61.39,67.69,40.93,65.74,68.18,68.18,68.18,20.32,85.56,23.28,10717,42.13
BIOY,45.88,44.33,46.32,49.85,66.28,21.23,66.28,66.28,66.28,66.28,62.67,50.0,22.95,1856,21.22
BDGS,45.88,37.05,52.5,48.06,98.41,37.31,98.41,98.41,98.41,98.41,56.82,58.52,40.45,19375,37.13
AAPB,45.79,30.0,47.58,100.0,46.91,39.34,37.09,49.36,49.36,49.36,43.41,87.85,5.45,32124,47.63
BDYN,45.75,44.97,42.59,64.66,70.96,28.24,46.94,76.18,76.01,65.91,33.69,50.0,44.34,395617,29.31
APHG,45.73,36.02,42.64,100.0,57.15,15.21,57.15,57.15,57.15,57.15,52.16,50.0,22.95,2188,18.76
ANEL,45.69,34.81,43.53,100.0,52.21,26.6,65.71,48.84,48.84,48.84,39.81,79.9,5.45,32473,31.74
AVSU,45.66,36.43,50.39,58.95,64.28,89.13,64.28,64.28,64.28,64.28,25.75,92.85,29.6,4980,91.17
APHU,45.61,34.61,43.53,100.0,79.1,26.08,79.1,79.1,79.1,79.1,54.7,50.0,22.95,3035,31.77
BJUL,45.6,39.35,49.23,52.5,76.64,55.54,76.64,76.64,76.64,76.64,32.79,75.67,37.55,18004,55.89
BUFP,45.53,26.87,52.43,85.63,60.74,32.83,59.55,60.23,60.23,60.23,38.07,78.1,39.22,47860,36.04
APIE,45.44,34.61,52.05,55.75,62.21,39.62,53.28,62.18,62.18,62.18,39.99,73.51,41.08,61022,40.2
BBB,45.31,49.2,41.15,50.51,74.16,31.89,74.16,74.16,74.16,74.16,59.73,34.83,26.85,4133,31.93
CBSE,45.02,36.67,43.81,84.49,82.75,48.26,82.75,82.75,82.75,82.75,39.15,77.64,9.77,1876,52.82
AVNV,45.02,24.51,60.84,47.99,53.72,88.06,53.72,53.72,53.72,53.72,53.43,89.62,35.92,4234,87.62
AVLC,44.85,29.69,54.23,58.59,50.72,91.54,57.02,49.11,49.11,49.11,28.65,92.84,39.02,54955,93.55
AAPX,44.78,28.55,46.71,100.0,54.72,36.36,42.81,54.85,54.77,56.43,43.29,85.5,5.45,84945,44.0
ASMF,44.74,36.84,48.96,55.26,97.5,26.26,97.5,97.5,97.5,97.5,44.16,66.34,34.27,3136,26.61
APPC,44.5,34.64,41.29,100.0,65.21,10.61,67.72,64.58,64.58,64.58,48.29,50.0,22.95,7434,39.43
BAMA,44.34,37.05,48.58,52.25,68.65,36.98,68.65,68.65,68.65,68.65,39.9,66.48,37.81,6816,37.19
BSEP,44.28,33.26,52.09,49.33,93.39,54.19,98.25,90.03,90.03,90.03,41.09,77.37,35.44,526946,54.1
APLX,44.27,32.95,42.18,100.0,60.0,10.02,55.42,62.36,61.99,58.62,50.85,50.0,22.95,1331704,60.0
APUE,44.01,27.72,54.4,57.22,49.68,47.3,42.04,47.41,47.41,47.41,27.94,87.0,47.24,93049,48.17
CGMM,43.96,35.38,46.76,64.24,61.31,32.64,61.32,63.81,61.34,52.33,24.39,63.51,53.32,625595,33.84
AVUQ,43.69,34.46,48.3,57.55,66.71,67.09,66.71,66.71,66.71,66.71,34.15,69.32,40.27,11885,68.38
CGVV,43.67,30.4,51.29,58.63,49.34,31.98,50.15,49.14,49.14,49.14,21.71,90.01,40.64,29079,32.68
AAAA,43.52,25.7,55.93,52.7,56.9,30.85,56.9,56.9,56.9,56.9,37.03,86.97,41.77,4684,31.06
BLCV,43.49,26.02,54.62,57.72,51.38,42.92,51.38,51.38,51.38,51.38,29.08,94.2,38.23,3251,43.77
BASV,43.48,34.44,47.54,59.29,76.97,31.55,76.97,76.97,76.97,76.97,18.12,81.04,42.77,12115,32.3
ABLD,43.36,37.6,45.27,56.9,76.74,32.88,76.74,76.74,76.74,76.74,36.02,67.99,29.55,23103,33.46
BUFZ,43.35,27.42,54.73,50.21,47.59,28.5,66.58,43.01,42.59,44.83,44.28,71.71,47.1,214287,28.51
BGIA,43.23,44.23,41.08,50.0,79.21,25.93,79.21,79.21,79.21,79.21,46.28,50.0,24.62,27272,25.93
BALI,43.15,24.38,55.32,57.42,47.27,34.52,39.26,49.07,48.96,48.25,27.59,94.6,41.85,185135,35.17
AMDC,43.0,25.8,45.36,100.0,75.37,20.4,75.37,75.37,75.37,75.37,59.94,50.0,22.95,2755,29.83
AOA,42.95,25.11,55.15,53.32,58.88,99.2,62.28,58.56,61.56,54.3,38.77,78.2,47.36,73634,100.03
CBON,42.83,31.85,50.14,50.21,65.64,24.12,65.64,65.64,65.64,65.64,42.31,70.4,35.64,10225,24.13
CAFG,42.82,33.94,44.1,71.95,82.47,32.83,82.47,82.47,82.47,82.47,12.13,92.85,24.51,2810,34.74
AVIV,42.63,23.68,55.58,53.66,50.46,83.17,38.08,57.94,56.29,55.34,35.61,94.1,33.93,66869,83.93
CEFS,42.6,27.83,51.64,56.48,50.72,25.31,46.18,56.12,56.12,56.12,22.94,94.7,34.88,52286,25.73
AVSD,42.38,35.34,45.26,56.13,52.73,82.62,54.1,52.39,52.39,52.39,30.5,78.1,24.15,64308,83.9
ACVU,42.32,25.79,52.79,56.14,49.66,32.08,49.66,49.66,49.66,49.66,21.34,97.91,36.83,4245,32.58
AUGW,42.23,25.43,50.73,66.96,83.4,34.79,82.8,83.55,83.55,83.55,39.74,70.37,40.63,1103,36.33
CDL,42.13,28.65,49.35,59.93,52.09,79.72,47.69,53.19,53.19,53.19,16.59,95.13,34.15,10621,81.75
BAMO,42.12,37.91,43.08,54.17,63.26,34.9,63.26,63.26,63.26,63.26,26.05,65.08,37.28,11387,35.27
ACYN,42.09,25.05,53.28,54.32,58.11,20.71,47.89,64.42,63.01,61.02,72.15,50.0,35.1,2097294,20.94
BUFF,42.03,25.32,53.7,50.56,47.53,53.81,45.9,48.96,49.69,52.45,41.24,72.28,46.56,136169,53.89
BFOR,41.99,38.9,40.58,61.44,51.03,23.94,52.69,50.62,50.62,50.62,14.3,82.06,22.84,10545,24.65
ARMW,41.94,25.8,43.24,100.0,62.16,42.91,57.94,60.42,60.42,60.42,53.88,50.0,22.95,63421,84.49
CLCV,41.47,18.07,57.19,56.5,69.34,31.49,69.34,69.34,69.34,69.34,30.57,98.15,40.45,3989,32.01
AHD,40.68,37.46,41.34,50.22,54.1,27.07,54.1,54.1,54.1,54.1,48.44,50.0,22.95,2109,27.08
BBMC,40.65,29.68,45.31,61.27,54.15,126.4,56.36,53.6,53.6,53.6,17.56,84.96,31.43,5074,130.07
BUFS,40.59,31.14,45.29,54.92,71.52,25.3,79.35,69.56,69.56,69.56,25.2,74.01,35.23,34892,25.61
AFSM,40.47,32.2,42.46,63.64,47.08,40.21,47.75,46.91,46.91,46.91,17.23,87.52,19.34,6257,41.63
AVMV,40.39,32.38,41.91,64.85,50.68,81.13,36.59,52.89,52.89,52.89,16.23,78.91,28.71,35938,84.26
BUSA,40.36,20.22,53.06,57.45,62.51,41.88,69.28,60.82,60.82,60.82,25.2,94.53,37.17,24422,42.67
AVEE,40.35,27.81,45.61,64.18,55.97,69.86,55.97,55.97,55.97,55.97,58.12,47.56,28.73,4214,72.43
BKSE,40.06,33.05,40.35,66.63,59.98,44.11,59.98,59.98,59.98,59.98,12.14,87.56,18.19,2000,46.02
AUGP,39.88,21.62,50.06,61.98,98.11,34.02,98.11,98.11,98.11,98.11,34.35,75.08,39.21,1445,35.07
CHGX,39.83,29.19,44.1,61.07,48.78,33.38,48.78,48.78,48.78,48.78,16.24,94.86,17.39,5405,34.33
BUFT,39.73,19.78,53.54,50.52,57.23,26.35,63.52,55.66,55.66,55.66,44.18,74.14,40.42,11368,26.38
AVMA,39.42,20.34,51.89,53.35,52.17,73.91,59.95,50.22,50.22,50.22,31.67,83.72,38.34,9711,74.54
ABCS,39.36,31.21,41.52,61.11,66.21,35.54,66.21,66.21,66.21,66.21,10.06,84.4,28.18,1936,36.56
CGCV,39.26,26.07,45.27,61.95,48.92,32.96,52.85,50.52,49.97,48.96,16.46,69.47,50.65,183380,33.97
BGDV,39.21,23.87,46.96,61.84,53.59,31.0,53.59,53.59,53.59,53.59,15.12,84.86,39.88,6967,31.95
BRIE,39.09,31.23,43.28,49.62,46.8,31.42,56.46,43.77,43.34,42.37,51.58,50.0,25.74,119437,31.39
BUFH,38.92,26.25,45.83,55.1,50.81,21.67,49.55,51.12,51.12,51.12,48.42,47.84,40.45,32921,21.95
BSMC,38.46,25.96,43.06,65.48,57.45,39.85,57.45,57.45,57.45,57.45,14.16,82.83,30.37,10085,41.46
ACIO,38.4,24.36,45.99,56.62,45.67,46.96,43.82,46.07,46.07,46.07,30.8,55.85,52.22,94855,47.75
ALTY,38.4,24.13,46.79,53.51,69.69,12.28,69.69,69.69,69.69,69.69,31.5,75.99,30.56,6684,12.39
BOXX,38.29,12.37,56.78,49.53,49.14,118.15,47.02,51.89,51.99,51.68,74.77,22.79,75.45,2325040,118.01
BIL,38.22,11.99,56.93,49.58,50.6,91.46,33.26,56.64,56.65,56.5,75.84,22.14,75.45,7205353,91.36
BNDX,38.21,24.72,44.98,58.29,55.19,47.42,35.38,57.76,56.17,50.44,53.56,15.6,69.23,3889995,48.43
BLES,38.14,23.78,46.26,54.96,65.28,49.76,65.28,65.28,65.28,65.28,28.56,85.13,21.56,7481,50.38
BAMV,38.1,19.61,49.27,56.16,82.3,37.92,82.3,82.3,82.3,82.3,18.12,92.43,35.25,29653,38.51
BFEB,37.95,16.56,52.48,50.9,62.99,53.96,62.99,62.99,62.99,62.99,34.8,84.3,35.97,3876,54.08
BAPR,37.95,9.45,58.4,49.71,54.25,54.56,54.25,54.25,54.25,54.25,45.54,90.29,36.2,2755,54.52
CATH,37.89,24.56,44.66,57.39,48.62,91.33,46.71,49.1,49.1,49.1,29.58,73.77,28.3,9221,93.05
CGCB,37.86,21.95,46.31,59.24,55.57,25.72,65.02,55.82,57.61,55.75,52.43,15.22,75.45,1019724,26.33
BUFE,37.74,26.02,45.54,45.61,64.85,22.11,64.85,64.85,64.85,64.85,60.45,50.0,22.95,3753,21.87
BBLU,37.6,14.76,52.53,54.34,55.12,17.34,63.03,54.44,54.44,54.44,27.51,92.86,34.66,99467,17.53
CLOA,36.92,5.39,59.64,49.44,46.72,51.84,45.28,49.99,52.99,60.77,64.35,58.11,55.94,431311,51.77
CGMS,36.84,21.97,45.71,51.98,57.58,27.0,69.52,54.97,54.44,54.44,45.78,20.16,75.45,774756,27.14
ADME,36.63,26.52,40.62,57.11,45.39,56.33,45.39,45.39,45.39,45.39,28.1,65.45,26.26,4847,57.35
BUYW,36.53,15.67,50.62,49.5,48.73,14.61,38.23,52.43,54.38,51.67,41.94,60.37,49.37,306410,14.59
CHNU,36.48,30.08,47.6,6.5,45.51,34.36,45.51,45.51,45.51,45.51,66.34,50.0,22.95,9745,30.99
CEW,36.41,19.14,45.48,60.12,64.58,20.04,64.58,64.58,64.58,64.58,47.65,50.62,36.94,1206,20.56
AGG,36.4,21.1,44.19,58.63,51.91,96.96,49.4,53.39,53.04,52.26,54.03,15.27,66.44,5843881,99.1
BND,36.35,21.23,44.02,58.48,54.55,71.93,40.43,56.08,56.25,60.51,53.65,15.25,66.34,7667551,73.49
BAUG,36.26,14.3,50.54,52.73,79.33,55.34,79.33,79.33,79.33,79.33,32.28,82.01,35.13,3771,55.72
BINC,36.04,19.79,45.82,52.09,45.72,51.65,35.47,45.18,47.94,47.61,45.73,20.51,75.45,1350800,51.92
BUFX,36.04,10.32,53.93,49.47,74.88,22.63,74.88,74.88,74.88,74.88,51.21,68.21,40.45,3428,22.6
BMAR,35.82,9.85,53.82,49.69,93.97,59.17,93.97,93.97,93.97,93.97,36.67,86.79,35.36,1144,59.12
BIV,35.71,22.83,40.86,61.47,49.91,74.91,58.98,46.79,47.03,51.31,46.08,14.34,65.7,1442864,77.12
AAA,35.62,23.25,42.49,50.78,56.74,25.04,51.24,58.11,58.11,58.11,51.16,35.56,40.45,7158,25.09
BSV,35.34,19.3,44.68,52.81,55.04,77.18,54.25,55.11,54.37,54.93,45.01,17.97,75.45,1655714,77.73
BUFI,35.21,14.41,48.82,50.37,54.39,43.56,54.39,54.39,54.39,54.39,40.61,63.93,40.76,2194,43.6
BALT,35.21,8.06,53.99,49.9,58.78,34.8,53.71,67.38,65.52,62.39,46.18,56.47,60.22,349223,34.79
CGV,34.67,14.38,45.11,63.67,93.29,16.21,93.29,93.29,93.29,93.29,35.44,65.2,32.95,62134,16.78
BOND,34.54,16.8,44.01,58.14,50.82,90.04,47.71,55.01,54.92,52.5,53.88,16.88,64.15,494886,91.91
APRW,34.5,4.98,55.07,49.73,80.75,37.75,80.75,80.75,80.75,80.75,44.88,77.16,41.19,3623,37.72
AOM,34.45,20.18,42.17,52.95,50.48,49.79,47.44,51.45,57.25,52.56,34.51,50.85,40.98,86322,50.16
APRH,34.4,5.25,54.45,50.79,83.67,25.28,83.67,83.67,83.67,83.67,49.73,71.17,40.45,1744,25.33
ACWV,34.29,18.4,42.98,54.44,46.19,126.45,35.6,53.64,54.2,53.67,32.5,43.54,54.54,55387,127.87
CLOI,34.21,5.61,54.07,49.35,52.26,52.85,49.09,60.22,57.54,51.98,56.83,54.16,50.76,130611,52.76
BUFG,34.09,13.96,46.65,51.79,47.29,29.95,52.82,45.91,45.91,45.91,33.26,71.55,33.23,27963,30.09
BCLO,34.0,10.39,49.9,48.9,97.88,49.71,97.88,97.88,97.88,97.88,52.47,55.44,40.45,9822,49.57
CGCP,33.91,19.06,41.19,56.95,53.52,21.9,55.12,55.74,55.36,51.06,42.28,15.8,69.54,984896,22.28
BNDS,33.57,8.46,50.5,49.36,58.36,50.32,61.98,57.45,57.45,57.45,55.49,54.11,40.45,13357,50.24
ACLO,33.2,3.54,53.64,49.6,88.46,50.39,88.46,88.46,88.46,88.46,52.06,63.58,43.87,3077,50.34
BSTP,33.1,13.99,44.56,52.23,59.51,40.22,59.51,59.51,59.51,59.51,33.4,65.94,32.65,3083,40.44
BJUN,32.39,17.46,40.1,53.51,80.34,49.72,80.34,80.34,80.34,80.34,30.58,55.02,33.79,19767,50.16
BUFM,32.15,13.78,42.92,51.74,70.21,41.23,70.21,70.21,70.21,70.21,29.16,56.53,43.08,8766,41.41
BILS,31.66,4.06,50.14,49.62,59.17,99.19,56.34,62.53,62.21,59.59,63.35,22.07,67.47,278454,99.1
BSCQ,31.33,7.25,46.9,49.8,53.18,19.54,76.19,33.84,35.16,46.7,59.13,22.6,60.98,884443,19.53
CCEF,30.75,8.75,44.08,52.11,56.02,29.84,56.02,56.02,56.02,56.02,28.53,65.98,36.66,2166,30.0
APRB,30.68,12.63,41.45,49.04,100.0,27.47,100.0,100.0,100.0,100.0,48.77,50.0,22.95,1238,27.41
CLOX,30.27,7.43,44.68,49.61,46.02,25.53,50.41,35.39,35.41,44.81,49.23,42.39,42.03,120018,25.51
AAPR,30.26,7.08,44.61,51.21,89.75,29.78,89.75,89.75,89.75,89.75,31.85,60.94,40.45,1353,29.87
BSCR,30.07,4.65,46.44,49.86,51.93,19.63,58.98,51.01,50.58,53.75,53.45,21.96,66.81,426378,19.62
BUFC,30.06,5.99,45.25,50.37,92.17,43.34,92.17,92.17,92.17,92.17,37.01,51.72,47.3,9020,43.38
CGMU,30.04,9.45,40.71,59.09,49.66,26.78,49.24,42.72,42.66,54.9,32.89,18.76,75.45,1546656,27.41
CLIP,30.0,3.34,47.42,49.56,47.05,100.13,24.84,54.99,52.05,48.28,64.58,22.32,56.69,226181,100.02
AGZD,29.89,9.32,42.07,51.29,75.05,22.58,68.37,76.72,76.72,76.72,51.77,33.49,40.77,23287,22.65
CBIL,29.25,7.82,42.2,50.23,63.05,24.81,63.05,63.05,63.05,63.05,50.89,50.0,22.95,27286,24.82
AAAP,28.87,6.5,42.68,49.26,84.26,25.4,84.26,84.26,84.26,84.26,52.28,50.0,22.95,4960,25.35
CLOB,28.58,6.22,41.87,51.55,61.2,50.3,61.2,61.2,61.2,61.2,48.4,36.02,41.07,6001,50.5
BNAV,,,47.78,54.06,60.38,31.41,60.38,60.38,60.38,60.38,66.84,50.0,22.95,6416,31.73
AHBM,,,47.04,26.24,54.1,26.67,54.1,54.1,54.1,54.1,64.72,50.0,22.95,4706,25.17
ANTW,,,45.33,52.58,59.12,25.41,53.02,58.81,58.81,58.81,59.85,50.0,22.95,43489,25.57
AAOZ,,,44.49,100.0,50.36,11.49,66.77,45.99,46.83,43.71,57.43,50.0,22.95,854358,51.05
AINF,,,43.39,50.61,93.11,19.52,93.11,93.11,93.11,93.11,54.3,50.0,22.95,2234,19.55
